"","country","region","observation_year","cohort_type","cohort_value","minimum_birth_year","lineage","n_cases"
"1","New Zealand","AUSNZ",2001,"age",0,2000,"B/Yamagata",1
"2","New Zealand","AUSNZ",2001,"age",3,1997,"B/Yamagata",1
"3","New Zealand","AUSNZ",2001,"age",4,1996,"B/Yamagata",1
"4","New Zealand","AUSNZ",2001,"age",6,1994,"B/Yamagata",2
"5","New Zealand","AUSNZ",2001,"age",7,1993,"B/Yamagata",4
"6","New Zealand","AUSNZ",2001,"age",8,1992,"B/Yamagata",1
"7","New Zealand","AUSNZ",2001,"age",10,1990,"B/Yamagata",2
"8","New Zealand","AUSNZ",2001,"age",11,1989,"B/Yamagata",2
"9","New Zealand","AUSNZ",2001,"age",12,1988,"B/Yamagata",1
"10","New Zealand","AUSNZ",2001,"age",14,1986,"B/Yamagata",6
"11","New Zealand","AUSNZ",2001,"age",15,1985,"B/Yamagata",4
"12","New Zealand","AUSNZ",2001,"age",16,1984,"B/Yamagata",3
"13","New Zealand","AUSNZ",2001,"age",17,1983,"B/Yamagata",3
"14","New Zealand","AUSNZ",2001,"age",18,1982,"B/Yamagata",4
"15","New Zealand","AUSNZ",2001,"age",19,1981,"B/Yamagata",5
"16","New Zealand","AUSNZ",2001,"age",20,1980,"B/Yamagata",5
"17","New Zealand","AUSNZ",2001,"age",21,1979,"B/Yamagata",3
"18","New Zealand","AUSNZ",2001,"age",22,1978,"B/Yamagata",2
"19","New Zealand","AUSNZ",2001,"age",23,1977,"B/Yamagata",4
"20","New Zealand","AUSNZ",2001,"age",24,1976,"B/Yamagata",3
"21","New Zealand","AUSNZ",2001,"age",25,1975,"B/Yamagata",1
"22","New Zealand","AUSNZ",2001,"age",26,1974,"B/Yamagata",4
"23","New Zealand","AUSNZ",2001,"age",27,1973,"B/Yamagata",1
"24","New Zealand","AUSNZ",2001,"age",28,1972,"B/Yamagata",5
"25","New Zealand","AUSNZ",2001,"age",30,1970,"B/Yamagata",2
"26","New Zealand","AUSNZ",2001,"age",31,1969,"B/Yamagata",1
"27","New Zealand","AUSNZ",2001,"age",32,1968,"B/Yamagata",1
"28","New Zealand","AUSNZ",2001,"age",33,1967,"B/Yamagata",3
"29","New Zealand","AUSNZ",2001,"age",34,1966,"B/Yamagata",4
"30","New Zealand","AUSNZ",2001,"age",35,1965,"B/Yamagata",2
"31","New Zealand","AUSNZ",2001,"age",37,1963,"B/Yamagata",2
"32","New Zealand","AUSNZ",2001,"age",38,1962,"B/Yamagata",3
"33","New Zealand","AUSNZ",2001,"age",39,1961,"B/Yamagata",1
"34","New Zealand","AUSNZ",2001,"age",40,1960,"B/Yamagata",1
"35","New Zealand","AUSNZ",2001,"age",42,1958,"B/Yamagata",2
"36","New Zealand","AUSNZ",2001,"age",44,1956,"B/Yamagata",1
"37","New Zealand","AUSNZ",2001,"age",45,1955,"B/Yamagata",1
"38","New Zealand","AUSNZ",2001,"age",46,1954,"B/Yamagata",3
"39","New Zealand","AUSNZ",2001,"age",47,1953,"B/Yamagata",1
"40","New Zealand","AUSNZ",2001,"age",49,1951,"B/Yamagata",1
"41","New Zealand","AUSNZ",2001,"age",52,1948,"B/Yamagata",2
"42","New Zealand","AUSNZ",2001,"age",55,1945,"B/Yamagata",1
"43","New Zealand","AUSNZ",2001,"age",56,1944,"B/Yamagata",1
"44","New Zealand","AUSNZ",2001,"age",60,1940,"B/Yamagata",2
"45","New Zealand","AUSNZ",2001,"age",61,1939,"B/Yamagata",1
"46","New Zealand","AUSNZ",2002,"age",5,1996,"B/Victoria",2
"47","New Zealand","AUSNZ",2002,"age",6,1995,"B/Victoria",3
"48","New Zealand","AUSNZ",2002,"age",7,1994,"B/Victoria",2
"49","New Zealand","AUSNZ",2002,"age",9,1992,"B/Victoria",1
"50","New Zealand","AUSNZ",2002,"age",10,1991,"B/Victoria",1
"51","New Zealand","AUSNZ",2002,"age",11,1990,"B/Victoria",2
"52","New Zealand","AUSNZ",2002,"age",12,1989,"B/Victoria",4
"53","New Zealand","AUSNZ",2002,"age",13,1988,"B/Victoria",2
"54","New Zealand","AUSNZ",2002,"age",14,1987,"B/Victoria",3
"55","New Zealand","AUSNZ",2002,"age",15,1986,"B/Victoria",4
"56","New Zealand","AUSNZ",2002,"age",16,1985,"B/Victoria",2
"57","New Zealand","AUSNZ",2002,"age",17,1984,"B/Victoria",3
"58","New Zealand","AUSNZ",2002,"age",18,1983,"B/Victoria",4
"59","New Zealand","AUSNZ",2002,"age",19,1982,"B/Victoria",1
"60","New Zealand","AUSNZ",2002,"age",22,1979,"B/Victoria",1
"61","New Zealand","AUSNZ",2002,"age",27,1974,"B/Victoria",1
"62","New Zealand","AUSNZ",2002,"age",28,1973,"B/Victoria",2
"63","New Zealand","AUSNZ",2002,"age",31,1970,"B/Victoria",1
"64","New Zealand","AUSNZ",2002,"age",32,1969,"B/Victoria",1
"65","New Zealand","AUSNZ",2002,"age",33,1968,"B/Victoria",1
"66","New Zealand","AUSNZ",2002,"age",34,1967,"B/Victoria",1
"67","New Zealand","AUSNZ",2002,"age",36,1965,"B/Victoria",1
"68","New Zealand","AUSNZ",2002,"age",38,1963,"B/Victoria",1
"69","New Zealand","AUSNZ",2002,"age",40,1961,"B/Victoria",1
"70","New Zealand","AUSNZ",2002,"age",45,1956,"B/Victoria",1
"71","New Zealand","AUSNZ",2002,"age",46,1955,"B/Victoria",1
"72","New Zealand","AUSNZ",2003,"age",26,1976,"B/Yamagata",1
"73","New Zealand","AUSNZ",2004,"age",5,1998,"B/Yamagata",1
"74","New Zealand","AUSNZ",2004,"age",17,1986,"B/Yamagata",1
"75","New Zealand","AUSNZ",2004,"age",24,1979,"B/Yamagata",1
"76","New Zealand","AUSNZ",2004,"age",27,1976,"B/Yamagata",2
"77","New Zealand","AUSNZ",2004,"age",28,1975,"B/Yamagata",1
"78","New Zealand","AUSNZ",2004,"age",29,1974,"B/Yamagata",1
"79","New Zealand","AUSNZ",2004,"age",31,1972,"B/Yamagata",1
"80","New Zealand","AUSNZ",2004,"age",33,1970,"B/Yamagata",1
"81","New Zealand","AUSNZ",2004,"age",36,1967,"B/Yamagata",1
"82","New Zealand","AUSNZ",2004,"age",43,1960,"B/Yamagata",1
"83","New Zealand","AUSNZ",2004,"age",69,1934,"B/Yamagata",1
"84","New Zealand","AUSNZ",2004,"age",73,1930,"B/Victoria",1
"85","New Zealand","AUSNZ",2005,"age",0,2004,"B/Victoria",1
"86","New Zealand","AUSNZ",2005,"age",2,2002,"B/Victoria",2
"87","New Zealand","AUSNZ",2005,"age",3,2001,"B/Victoria",2
"88","New Zealand","AUSNZ",2005,"age",3,2001,"B/Yamagata",1
"89","New Zealand","AUSNZ",2005,"age",4,2000,"B/Victoria",3
"90","New Zealand","AUSNZ",2005,"age",5,1999,"B/Victoria",4
"91","New Zealand","AUSNZ",2005,"age",5,1999,"B/Yamagata",1
"92","New Zealand","AUSNZ",2005,"age",6,1998,"B/Victoria",11
"93","New Zealand","AUSNZ",2005,"age",6,1998,"B/Yamagata",1
"94","New Zealand","AUSNZ",2005,"age",7,1997,"B/Victoria",5
"95","New Zealand","AUSNZ",2005,"age",8,1996,"B/Victoria",11
"96","New Zealand","AUSNZ",2005,"age",8,1996,"B/Yamagata",2
"97","New Zealand","AUSNZ",2005,"age",9,1995,"B/Victoria",9
"98","New Zealand","AUSNZ",2005,"age",9,1995,"B/Yamagata",1
"99","New Zealand","AUSNZ",2005,"age",10,1994,"B/Victoria",7
"100","New Zealand","AUSNZ",2005,"age",10,1994,"B/Yamagata",1
"101","New Zealand","AUSNZ",2005,"age",11,1993,"B/Victoria",13
"102","New Zealand","AUSNZ",2005,"age",11,1993,"B/Yamagata",1
"103","New Zealand","AUSNZ",2005,"age",12,1992,"B/Victoria",15
"104","New Zealand","AUSNZ",2005,"age",12,1992,"B/Yamagata",1
"105","New Zealand","AUSNZ",2005,"age",13,1991,"B/Victoria",20
"106","New Zealand","AUSNZ",2005,"age",14,1990,"B/Victoria",10
"107","New Zealand","AUSNZ",2005,"age",15,1989,"B/Victoria",10
"108","New Zealand","AUSNZ",2005,"age",16,1988,"B/Victoria",8
"109","New Zealand","AUSNZ",2005,"age",17,1987,"B/Victoria",10
"110","New Zealand","AUSNZ",2005,"age",18,1986,"B/Victoria",8
"111","New Zealand","AUSNZ",2005,"age",19,1985,"B/Victoria",5
"112","New Zealand","AUSNZ",2005,"age",20,1984,"B/Victoria",10
"113","New Zealand","AUSNZ",2005,"age",21,1983,"B/Victoria",3
"114","New Zealand","AUSNZ",2005,"age",22,1982,"B/Victoria",4
"115","New Zealand","AUSNZ",2005,"age",23,1981,"B/Victoria",2
"116","New Zealand","AUSNZ",2005,"age",23,1981,"B/Yamagata",1
"117","New Zealand","AUSNZ",2005,"age",24,1980,"B/Victoria",2
"118","New Zealand","AUSNZ",2005,"age",26,1978,"B/Victoria",1
"119","New Zealand","AUSNZ",2005,"age",28,1976,"B/Victoria",6
"120","New Zealand","AUSNZ",2005,"age",28,1976,"B/Yamagata",2
"121","New Zealand","AUSNZ",2005,"age",29,1975,"B/Victoria",1
"122","New Zealand","AUSNZ",2005,"age",29,1975,"B/Yamagata",1
"123","New Zealand","AUSNZ",2005,"age",30,1974,"B/Yamagata",1
"124","New Zealand","AUSNZ",2005,"age",31,1973,"B/Victoria",3
"125","New Zealand","AUSNZ",2005,"age",32,1972,"B/Victoria",3
"126","New Zealand","AUSNZ",2005,"age",33,1971,"B/Yamagata",1
"127","New Zealand","AUSNZ",2005,"age",34,1970,"B/Victoria",3
"128","New Zealand","AUSNZ",2005,"age",34,1970,"B/Yamagata",2
"129","New Zealand","AUSNZ",2005,"age",35,1969,"B/Victoria",2
"130","New Zealand","AUSNZ",2005,"age",35,1969,"B/Yamagata",1
"131","New Zealand","AUSNZ",2005,"age",36,1968,"B/Victoria",2
"132","New Zealand","AUSNZ",2005,"age",37,1967,"B/Victoria",1
"133","New Zealand","AUSNZ",2005,"age",38,1966,"B/Yamagata",1
"134","New Zealand","AUSNZ",2005,"age",39,1965,"B/Victoria",2
"135","New Zealand","AUSNZ",2005,"age",39,1965,"B/Yamagata",1
"136","New Zealand","AUSNZ",2005,"age",40,1964,"B/Yamagata",1
"137","New Zealand","AUSNZ",2005,"age",42,1962,"B/Victoria",1
"138","New Zealand","AUSNZ",2005,"age",43,1961,"B/Victoria",1
"139","New Zealand","AUSNZ",2005,"age",44,1960,"B/Yamagata",2
"140","New Zealand","AUSNZ",2005,"age",46,1958,"B/Victoria",3
"141","New Zealand","AUSNZ",2005,"age",47,1957,"B/Victoria",1
"142","New Zealand","AUSNZ",2005,"age",48,1956,"B/Victoria",1
"143","New Zealand","AUSNZ",2005,"age",50,1954,"B/Victoria",1
"144","New Zealand","AUSNZ",2005,"age",51,1953,"B/Victoria",2
"145","New Zealand","AUSNZ",2005,"age",51,1953,"B/Yamagata",1
"146","New Zealand","AUSNZ",2005,"age",54,1950,"B/Victoria",1
"147","New Zealand","AUSNZ",2005,"age",56,1948,"B/Yamagata",1
"148","New Zealand","AUSNZ",2005,"age",57,1947,"B/Victoria",1
"149","New Zealand","AUSNZ",2005,"age",59,1945,"B/Victoria",1
"150","New Zealand","AUSNZ",2005,"age",59,1945,"B/Yamagata",1
"151","New Zealand","AUSNZ",2005,"age",61,1943,"B/Victoria",1
"152","New Zealand","AUSNZ",2005,"age",62,1942,"B/Yamagata",1
"153","New Zealand","AUSNZ",2005,"age",63,1941,"B/Victoria",1
"154","New Zealand","AUSNZ",2005,"age",64,1940,"B/Yamagata",1
"155","New Zealand","AUSNZ",2005,"age",68,1936,"B/Yamagata",1
"156","New Zealand","AUSNZ",2005,"age",70,1934,"B/Victoria",1
"157","New Zealand","AUSNZ",2005,"age",76,1928,"B/Victoria",1
"158","New Zealand","AUSNZ",2006,"age",3,2002,"B/Yamagata",1
"159","New Zealand","AUSNZ",2006,"age",22,1983,"B/Victoria",1
"160","New Zealand","AUSNZ",2006,"age",33,1972,"B/Victoria",1
"161","New Zealand","AUSNZ",2007,"age",0,2006,"B/Yamagata",1
"162","New Zealand","AUSNZ",2007,"age",3,2003,"B/Yamagata",1
"163","New Zealand","AUSNZ",2007,"age",4,2002,"B/Yamagata",1
"164","New Zealand","AUSNZ",2007,"age",5,2001,"B/Yamagata",1
"165","New Zealand","AUSNZ",2007,"age",6,2000,"B/Yamagata",1
"166","New Zealand","AUSNZ",2007,"age",10,1996,"B/Yamagata",1
"167","New Zealand","AUSNZ",2007,"age",11,1995,"B/Yamagata",2
"168","New Zealand","AUSNZ",2007,"age",13,1993,"B/Yamagata",1
"169","New Zealand","AUSNZ",2007,"age",15,1991,"B/Yamagata",1
"170","New Zealand","AUSNZ",2007,"age",21,1985,"B/Yamagata",1
"171","New Zealand","AUSNZ",2007,"age",23,1983,"B/Yamagata",1
"172","New Zealand","AUSNZ",2007,"age",24,1982,"B/Yamagata",2
"173","New Zealand","AUSNZ",2007,"age",25,1981,"B/Yamagata",1
"174","New Zealand","AUSNZ",2007,"age",26,1980,"B/Yamagata",1
"175","New Zealand","AUSNZ",2007,"age",28,1978,"B/Yamagata",1
"176","New Zealand","AUSNZ",2007,"age",30,1976,"B/Yamagata",1
"177","New Zealand","AUSNZ",2007,"age",31,1975,"B/Yamagata",1
"178","New Zealand","AUSNZ",2007,"age",32,1974,"B/Yamagata",7
"179","New Zealand","AUSNZ",2007,"age",34,1972,"B/Yamagata",2
"180","New Zealand","AUSNZ",2007,"age",36,1970,"B/Yamagata",3
"181","New Zealand","AUSNZ",2007,"age",37,1969,"B/Yamagata",2
"182","New Zealand","AUSNZ",2007,"age",38,1968,"B/Yamagata",1
"183","New Zealand","AUSNZ",2007,"age",43,1963,"B/Yamagata",2
"184","New Zealand","AUSNZ",2007,"age",44,1962,"B/Yamagata",1
"185","New Zealand","AUSNZ",2007,"age",45,1961,"B/Yamagata",1
"186","New Zealand","AUSNZ",2007,"age",46,1960,"B/Yamagata",1
"187","New Zealand","AUSNZ",2007,"age",50,1956,"B/Yamagata",1
"188","New Zealand","AUSNZ",2007,"age",51,1955,"B/Yamagata",1
"189","New Zealand","AUSNZ",2007,"age",52,1954,"B/Yamagata",1
"190","New Zealand","AUSNZ",2007,"age",53,1953,"B/Yamagata",1
"191","New Zealand","AUSNZ",2007,"age",55,1951,"B/Yamagata",1
"192","New Zealand","AUSNZ",2007,"age",56,1950,"B/Yamagata",2
"193","New Zealand","AUSNZ",2007,"age",59,1947,"B/Yamagata",1
"194","New Zealand","AUSNZ",2007,"age",60,1946,"B/Yamagata",1
"195","New Zealand","AUSNZ",2007,"age",61,1945,"B/Yamagata",1
"196","New Zealand","AUSNZ",2007,"age",65,1941,"B/Yamagata",1
"197","New Zealand","AUSNZ",2007,"age",69,1937,"B/Yamagata",1
"198","New Zealand","AUSNZ",2008,"age",1,2006,"B/Victoria",1
"199","New Zealand","AUSNZ",2008,"age",2,2005,"B/Yamagata",1
"200","New Zealand","AUSNZ",2008,"age",3,2004,"B/Yamagata",1
"201","New Zealand","AUSNZ",2008,"age",4,2003,"B/Victoria",1
"202","New Zealand","AUSNZ",2008,"age",5,2002,"B/Victoria",2
"203","New Zealand","AUSNZ",2008,"age",5,2002,"B/Yamagata",3
"204","New Zealand","AUSNZ",2008,"age",6,2001,"B/Victoria",2
"205","New Zealand","AUSNZ",2008,"age",6,2001,"B/Yamagata",1
"206","New Zealand","AUSNZ",2008,"age",7,2000,"B/Victoria",5
"207","New Zealand","AUSNZ",2008,"age",8,1999,"B/Victoria",5
"208","New Zealand","AUSNZ",2008,"age",8,1999,"B/Yamagata",1
"209","New Zealand","AUSNZ",2008,"age",9,1998,"B/Victoria",1
"210","New Zealand","AUSNZ",2008,"age",9,1998,"B/Yamagata",1
"211","New Zealand","AUSNZ",2008,"age",10,1997,"B/Victoria",3
"212","New Zealand","AUSNZ",2008,"age",11,1996,"B/Victoria",3
"213","New Zealand","AUSNZ",2008,"age",11,1996,"B/Yamagata",1
"214","New Zealand","AUSNZ",2008,"age",12,1995,"B/Victoria",5
"215","New Zealand","AUSNZ",2008,"age",13,1994,"B/Victoria",4
"216","New Zealand","AUSNZ",2008,"age",13,1994,"B/Yamagata",2
"217","New Zealand","AUSNZ",2008,"age",14,1993,"B/Victoria",5
"218","New Zealand","AUSNZ",2008,"age",14,1993,"B/Yamagata",2
"219","New Zealand","AUSNZ",2008,"age",15,1992,"B/Victoria",8
"220","New Zealand","AUSNZ",2008,"age",15,1992,"B/Yamagata",2
"221","New Zealand","AUSNZ",2008,"age",16,1991,"B/Victoria",5
"222","New Zealand","AUSNZ",2008,"age",17,1990,"B/Victoria",5
"223","New Zealand","AUSNZ",2008,"age",17,1990,"B/Yamagata",1
"224","New Zealand","AUSNZ",2008,"age",18,1989,"B/Victoria",5
"225","New Zealand","AUSNZ",2008,"age",19,1988,"B/Victoria",11
"226","New Zealand","AUSNZ",2008,"age",20,1987,"B/Victoria",9
"227","New Zealand","AUSNZ",2008,"age",21,1986,"B/Victoria",6
"228","New Zealand","AUSNZ",2008,"age",22,1985,"B/Victoria",8
"229","New Zealand","AUSNZ",2008,"age",23,1984,"B/Victoria",5
"230","New Zealand","AUSNZ",2008,"age",24,1983,"B/Victoria",3
"231","New Zealand","AUSNZ",2008,"age",24,1983,"B/Yamagata",1
"232","New Zealand","AUSNZ",2008,"age",25,1982,"B/Victoria",3
"233","New Zealand","AUSNZ",2008,"age",25,1982,"B/Yamagata",1
"234","New Zealand","AUSNZ",2008,"age",26,1981,"B/Victoria",4
"235","New Zealand","AUSNZ",2008,"age",26,1981,"B/Yamagata",1
"236","New Zealand","AUSNZ",2008,"age",27,1980,"B/Victoria",3
"237","New Zealand","AUSNZ",2008,"age",28,1979,"B/Victoria",2
"238","New Zealand","AUSNZ",2008,"age",28,1979,"B/Yamagata",3
"239","New Zealand","AUSNZ",2008,"age",29,1978,"B/Yamagata",2
"240","New Zealand","AUSNZ",2008,"age",30,1977,"B/Victoria",1
"241","New Zealand","AUSNZ",2008,"age",31,1976,"B/Yamagata",2
"242","New Zealand","AUSNZ",2008,"age",32,1975,"B/Victoria",1
"243","New Zealand","AUSNZ",2008,"age",32,1975,"B/Yamagata",2
"244","New Zealand","AUSNZ",2008,"age",33,1974,"B/Victoria",2
"245","New Zealand","AUSNZ",2008,"age",33,1974,"B/Yamagata",1
"246","New Zealand","AUSNZ",2008,"age",34,1973,"B/Victoria",1
"247","New Zealand","AUSNZ",2008,"age",34,1973,"B/Yamagata",2
"248","New Zealand","AUSNZ",2008,"age",35,1972,"B/Victoria",2
"249","New Zealand","AUSNZ",2008,"age",35,1972,"B/Yamagata",1
"250","New Zealand","AUSNZ",2008,"age",37,1970,"B/Victoria",2
"251","New Zealand","AUSNZ",2008,"age",37,1970,"B/Yamagata",2
"252","New Zealand","AUSNZ",2008,"age",38,1969,"B/Yamagata",1
"253","New Zealand","AUSNZ",2008,"age",39,1968,"B/Victoria",1
"254","New Zealand","AUSNZ",2008,"age",40,1967,"B/Victoria",2
"255","New Zealand","AUSNZ",2008,"age",40,1967,"B/Yamagata",3
"256","New Zealand","AUSNZ",2008,"age",41,1966,"B/Victoria",2
"257","New Zealand","AUSNZ",2008,"age",41,1966,"B/Yamagata",4
"258","New Zealand","AUSNZ",2008,"age",42,1965,"B/Yamagata",1
"259","New Zealand","AUSNZ",2008,"age",43,1964,"B/Victoria",2
"260","New Zealand","AUSNZ",2008,"age",43,1964,"B/Yamagata",2
"261","New Zealand","AUSNZ",2008,"age",44,1963,"B/Victoria",1
"262","New Zealand","AUSNZ",2008,"age",44,1963,"B/Yamagata",2
"263","New Zealand","AUSNZ",2008,"age",45,1962,"B/Victoria",3
"264","New Zealand","AUSNZ",2008,"age",45,1962,"B/Yamagata",1
"265","New Zealand","AUSNZ",2008,"age",46,1961,"B/Yamagata",1
"266","New Zealand","AUSNZ",2008,"age",47,1960,"B/Victoria",1
"267","New Zealand","AUSNZ",2008,"age",47,1960,"B/Yamagata",2
"268","New Zealand","AUSNZ",2008,"age",48,1959,"B/Victoria",1
"269","New Zealand","AUSNZ",2008,"age",49,1958,"B/Victoria",1
"270","New Zealand","AUSNZ",2008,"age",49,1958,"B/Yamagata",1
"271","New Zealand","AUSNZ",2008,"age",50,1957,"B/Victoria",1
"272","New Zealand","AUSNZ",2008,"age",50,1957,"B/Yamagata",1
"273","New Zealand","AUSNZ",2008,"age",51,1956,"B/Yamagata",1
"274","New Zealand","AUSNZ",2008,"age",52,1955,"B/Yamagata",1
"275","New Zealand","AUSNZ",2008,"age",54,1953,"B/Yamagata",1
"276","New Zealand","AUSNZ",2008,"age",55,1952,"B/Yamagata",3
"277","New Zealand","AUSNZ",2008,"age",59,1948,"B/Victoria",1
"278","New Zealand","AUSNZ",2008,"age",59,1948,"B/Yamagata",1
"279","New Zealand","AUSNZ",2008,"age",63,1944,"B/Yamagata",2
"280","New Zealand","AUSNZ",2008,"age",64,1943,"B/Victoria",1
"281","New Zealand","AUSNZ",2008,"age",64,1943,"B/Yamagata",2
"282","New Zealand","AUSNZ",2008,"age",65,1942,"B/Victoria",1
"283","New Zealand","AUSNZ",2008,"age",65,1942,"B/Yamagata",1
"284","New Zealand","AUSNZ",2008,"age",66,1941,"B/Victoria",1
"285","New Zealand","AUSNZ",2008,"age",66,1941,"B/Yamagata",1
"286","New Zealand","AUSNZ",2008,"age",67,1940,"B/Victoria",1
"287","New Zealand","AUSNZ",2008,"age",70,1937,"B/Victoria",1
"288","New Zealand","AUSNZ",2008,"age",71,1936,"B/Victoria",1
"289","New Zealand","AUSNZ",2008,"age",71,1936,"B/Yamagata",1
"290","New Zealand","AUSNZ",2011,"age",0,2010,"B/Victoria",1
"291","New Zealand","AUSNZ",2011,"age",1,2009,"B/Victoria",3
"292","New Zealand","AUSNZ",2011,"age",2,2008,"B/Victoria",3
"293","New Zealand","AUSNZ",2011,"age",3,2007,"B/Victoria",3
"294","New Zealand","AUSNZ",2011,"age",4,2006,"B/Victoria",4
"295","New Zealand","AUSNZ",2011,"age",5,2005,"B/Victoria",2
"296","New Zealand","AUSNZ",2011,"age",6,2004,"B/Victoria",7
"297","New Zealand","AUSNZ",2011,"age",7,2003,"B/Victoria",4
"298","New Zealand","AUSNZ",2011,"age",8,2002,"B/Victoria",3
"299","New Zealand","AUSNZ",2011,"age",9,2001,"B/Victoria",5
"300","New Zealand","AUSNZ",2011,"age",10,2000,"B/Victoria",3
"301","New Zealand","AUSNZ",2011,"age",11,1999,"B/Victoria",5
"302","New Zealand","AUSNZ",2011,"age",12,1998,"B/Victoria",5
"303","New Zealand","AUSNZ",2011,"age",13,1997,"B/Victoria",4
"304","New Zealand","AUSNZ",2011,"age",14,1996,"B/Victoria",3
"305","New Zealand","AUSNZ",2011,"age",15,1995,"B/Victoria",7
"306","New Zealand","AUSNZ",2011,"age",16,1994,"B/Victoria",5
"307","New Zealand","AUSNZ",2011,"age",17,1993,"B/Victoria",6
"308","New Zealand","AUSNZ",2011,"age",18,1992,"B/Victoria",3
"309","New Zealand","AUSNZ",2011,"age",19,1991,"B/Victoria",6
"310","New Zealand","AUSNZ",2011,"age",20,1990,"B/Victoria",4
"311","New Zealand","AUSNZ",2011,"age",21,1989,"B/Victoria",7
"312","New Zealand","AUSNZ",2011,"age",22,1988,"B/Victoria",5
"313","New Zealand","AUSNZ",2011,"age",23,1987,"B/Victoria",4
"314","New Zealand","AUSNZ",2011,"age",24,1986,"B/Victoria",9
"315","New Zealand","AUSNZ",2011,"age",25,1985,"B/Victoria",4
"316","New Zealand","AUSNZ",2011,"age",26,1984,"B/Victoria",4
"317","New Zealand","AUSNZ",2011,"age",27,1983,"B/Victoria",6
"318","New Zealand","AUSNZ",2011,"age",28,1982,"B/Victoria",1
"319","New Zealand","AUSNZ",2011,"age",29,1981,"B/Victoria",5
"320","New Zealand","AUSNZ",2011,"age",30,1980,"B/Victoria",3
"321","New Zealand","AUSNZ",2011,"age",31,1979,"B/Victoria",3
"322","New Zealand","AUSNZ",2011,"age",32,1978,"B/Victoria",4
"323","New Zealand","AUSNZ",2011,"age",33,1977,"B/Victoria",2
"324","New Zealand","AUSNZ",2011,"age",34,1976,"B/Victoria",5
"325","New Zealand","AUSNZ",2011,"age",35,1975,"B/Victoria",5
"326","New Zealand","AUSNZ",2011,"age",36,1974,"B/Victoria",1
"327","New Zealand","AUSNZ",2011,"age",37,1973,"B/Victoria",3
"328","New Zealand","AUSNZ",2011,"age",38,1972,"B/Victoria",6
"329","New Zealand","AUSNZ",2011,"age",39,1971,"B/Victoria",3
"330","New Zealand","AUSNZ",2011,"age",40,1970,"B/Victoria",4
"331","New Zealand","AUSNZ",2011,"age",41,1969,"B/Victoria",1
"332","New Zealand","AUSNZ",2011,"age",42,1968,"B/Victoria",1
"333","New Zealand","AUSNZ",2011,"age",43,1967,"B/Victoria",3
"334","New Zealand","AUSNZ",2011,"age",44,1966,"B/Victoria",3
"335","New Zealand","AUSNZ",2011,"age",45,1965,"B/Victoria",4
"336","New Zealand","AUSNZ",2011,"age",46,1964,"B/Victoria",2
"337","New Zealand","AUSNZ",2011,"age",47,1963,"B/Victoria",1
"338","New Zealand","AUSNZ",2011,"age",48,1962,"B/Victoria",1
"339","New Zealand","AUSNZ",2011,"age",49,1961,"B/Victoria",3
"340","New Zealand","AUSNZ",2011,"age",50,1960,"B/Victoria",1
"341","New Zealand","AUSNZ",2011,"age",51,1959,"B/Victoria",2
"342","New Zealand","AUSNZ",2011,"age",52,1958,"B/Victoria",1
"343","New Zealand","AUSNZ",2011,"age",54,1956,"B/Victoria",1
"344","New Zealand","AUSNZ",2011,"age",59,1951,"B/Victoria",1
"345","New Zealand","AUSNZ",2011,"age",60,1950,"B/Victoria",1
"346","New Zealand","AUSNZ",2011,"age",63,1947,"B/Victoria",1
"347","New Zealand","AUSNZ",2011,"age",64,1946,"B/Victoria",4
"348","New Zealand","AUSNZ",2011,"age",66,1944,"B/Victoria",2
"349","New Zealand","AUSNZ",2011,"age",68,1942,"B/Victoria",1
"350","New Zealand","AUSNZ",2012,"age",3,2008,"B/Yamagata",1
"351","New Zealand","AUSNZ",2012,"age",8,2003,"B/Victoria",1
"352","New Zealand","AUSNZ",2012,"age",10,2001,"B/Yamagata",1
"353","New Zealand","AUSNZ",2012,"age",17,1994,"B/Victoria",1
"354","New Zealand","AUSNZ",2012,"age",22,1989,"B/Yamagata",1
"355","New Zealand","AUSNZ",2012,"age",26,1985,"B/Victoria",1
"356","New Zealand","AUSNZ",2012,"age",27,1984,"B/Yamagata",1
"357","New Zealand","AUSNZ",2012,"age",36,1975,"B/Yamagata",1
"358","New Zealand","AUSNZ",2012,"age",37,1974,"B/Yamagata",1
"359","New Zealand","AUSNZ",2012,"age",38,1973,"B/Victoria",1
"360","New Zealand","AUSNZ",2012,"age",42,1969,"B/Yamagata",1
"361","New Zealand","AUSNZ",2012,"age",43,1968,"B/Yamagata",2
"362","New Zealand","AUSNZ",2012,"age",44,1967,"B/Yamagata",1
"363","New Zealand","AUSNZ",2012,"age",45,1966,"B/Victoria",1
"364","New Zealand","AUSNZ",2012,"age",48,1963,"B/Yamagata",1
"365","New Zealand","AUSNZ",2012,"age",50,1961,"B/Yamagata",2
"366","New Zealand","AUSNZ",2012,"age",61,1950,"B/Victoria",1
"367","New Zealand","AUSNZ",2013,"age",1,2011,"B/Yamagata",7
"368","New Zealand","AUSNZ",2013,"age",2,2010,"B/Yamagata",4
"369","New Zealand","AUSNZ",2013,"age",3,2009,"B/Yamagata",5
"370","New Zealand","AUSNZ",2013,"age",4,2008,"B/Yamagata",5
"371","New Zealand","AUSNZ",2013,"age",5,2007,"B/Yamagata",10
"372","New Zealand","AUSNZ",2013,"age",6,2006,"B/Yamagata",10
"373","New Zealand","AUSNZ",2013,"age",7,2005,"B/Yamagata",15
"374","New Zealand","AUSNZ",2013,"age",8,2004,"B/Yamagata",10
"375","New Zealand","AUSNZ",2013,"age",9,2003,"B/Yamagata",7
"376","New Zealand","AUSNZ",2013,"age",10,2002,"B/Yamagata",8
"377","New Zealand","AUSNZ",2013,"age",11,2001,"B/Yamagata",14
"378","New Zealand","AUSNZ",2013,"age",12,2000,"B/Yamagata",7
"379","New Zealand","AUSNZ",2013,"age",13,1999,"B/Yamagata",6
"380","New Zealand","AUSNZ",2013,"age",14,1998,"B/Yamagata",7
"381","New Zealand","AUSNZ",2013,"age",15,1997,"B/Yamagata",4
"382","New Zealand","AUSNZ",2013,"age",16,1996,"B/Yamagata",2
"383","New Zealand","AUSNZ",2013,"age",17,1995,"B/Yamagata",1
"384","New Zealand","AUSNZ",2013,"age",18,1994,"B/Yamagata",4
"385","New Zealand","AUSNZ",2013,"age",20,1992,"B/Yamagata",1
"386","New Zealand","AUSNZ",2013,"age",21,1991,"B/Yamagata",1
"387","New Zealand","AUSNZ",2013,"age",28,1984,"B/Yamagata",2
"388","New Zealand","AUSNZ",2013,"age",29,1983,"B/Yamagata",1
"389","New Zealand","AUSNZ",2013,"age",31,1981,"B/Yamagata",2
"390","New Zealand","AUSNZ",2013,"age",32,1980,"B/Yamagata",1
"391","New Zealand","AUSNZ",2013,"age",33,1979,"B/Yamagata",1
"392","New Zealand","AUSNZ",2013,"age",34,1978,"B/Yamagata",2
"393","New Zealand","AUSNZ",2013,"age",35,1977,"B/Yamagata",2
"394","New Zealand","AUSNZ",2013,"age",36,1976,"B/Yamagata",3
"395","New Zealand","AUSNZ",2013,"age",37,1975,"B/Victoria",1
"396","New Zealand","AUSNZ",2013,"age",37,1975,"B/Yamagata",2
"397","New Zealand","AUSNZ",2013,"age",38,1974,"B/Yamagata",3
"398","New Zealand","AUSNZ",2013,"age",39,1973,"B/Yamagata",5
"399","New Zealand","AUSNZ",2013,"age",40,1972,"B/Yamagata",4
"400","New Zealand","AUSNZ",2013,"age",41,1971,"B/Yamagata",4
"401","New Zealand","AUSNZ",2013,"age",42,1970,"B/Yamagata",6
"402","New Zealand","AUSNZ",2013,"age",43,1969,"B/Yamagata",2
"403","New Zealand","AUSNZ",2013,"age",44,1968,"B/Yamagata",4
"404","New Zealand","AUSNZ",2013,"age",45,1967,"B/Yamagata",4
"405","New Zealand","AUSNZ",2013,"age",46,1966,"B/Yamagata",3
"406","New Zealand","AUSNZ",2013,"age",47,1965,"B/Yamagata",1
"407","New Zealand","AUSNZ",2013,"age",48,1964,"B/Yamagata",2
"408","New Zealand","AUSNZ",2013,"age",49,1963,"B/Yamagata",2
"409","New Zealand","AUSNZ",2013,"age",50,1962,"B/Yamagata",2
"410","New Zealand","AUSNZ",2013,"age",51,1961,"B/Yamagata",1
"411","New Zealand","AUSNZ",2013,"age",52,1960,"B/Yamagata",2
"412","New Zealand","AUSNZ",2013,"age",53,1959,"B/Yamagata",1
"413","New Zealand","AUSNZ",2013,"age",54,1958,"B/Yamagata",1
"414","New Zealand","AUSNZ",2013,"age",56,1956,"B/Yamagata",2
"415","New Zealand","AUSNZ",2013,"age",57,1955,"B/Yamagata",1
"416","New Zealand","AUSNZ",2013,"age",58,1954,"B/Yamagata",1
"417","New Zealand","AUSNZ",2013,"age",59,1953,"B/Yamagata",2
"418","New Zealand","AUSNZ",2013,"age",60,1952,"B/Yamagata",1
"419","New Zealand","AUSNZ",2013,"age",61,1951,"B/Yamagata",1
"420","New Zealand","AUSNZ",2013,"age",63,1949,"B/Yamagata",1
"421","New Zealand","AUSNZ",2013,"age",67,1945,"B/Yamagata",1
"422","New Zealand","AUSNZ",2013,"age",68,1944,"B/Yamagata",1
"423","New Zealand","AUSNZ",2013,"age",71,1941,"B/Yamagata",1
"424","New Zealand","AUSNZ",2013,"age",72,1940,"B/Yamagata",1
"425","New Zealand","AUSNZ",2013,"age",73,1939,"B/Yamagata",1
"426","New Zealand","AUSNZ",2013,"age",74,1938,"B/Yamagata",1
"427","New Zealand","AUSNZ",2014,"age",0,2013,"B/Yamagata",1
"428","New Zealand","AUSNZ",2014,"age",3,2010,"B/Yamagata",2
"429","New Zealand","AUSNZ",2014,"age",4,2009,"B/Yamagata",1
"430","New Zealand","AUSNZ",2014,"age",5,2008,"B/Yamagata",2
"431","New Zealand","AUSNZ",2014,"age",8,2005,"B/Yamagata",1
"432","New Zealand","AUSNZ",2014,"age",9,2004,"B/Victoria",1
"433","New Zealand","AUSNZ",2014,"age",9,2004,"B/Yamagata",4
"434","New Zealand","AUSNZ",2014,"age",10,2003,"B/Yamagata",2
"435","New Zealand","AUSNZ",2014,"age",11,2002,"B/Yamagata",3
"436","New Zealand","AUSNZ",2014,"age",12,2001,"B/Yamagata",1
"437","New Zealand","AUSNZ",2014,"age",13,2000,"B/Yamagata",4
"438","New Zealand","AUSNZ",2014,"age",14,1999,"B/Yamagata",2
"439","New Zealand","AUSNZ",2014,"age",15,1998,"B/Yamagata",5
"440","New Zealand","AUSNZ",2014,"age",16,1997,"B/Victoria",1
"441","New Zealand","AUSNZ",2014,"age",16,1997,"B/Yamagata",4
"442","New Zealand","AUSNZ",2014,"age",17,1996,"B/Yamagata",2
"443","New Zealand","AUSNZ",2014,"age",18,1995,"B/Yamagata",1
"444","New Zealand","AUSNZ",2014,"age",19,1994,"B/Yamagata",1
"445","New Zealand","AUSNZ",2014,"age",20,1993,"B/Yamagata",1
"446","New Zealand","AUSNZ",2014,"age",26,1987,"B/Yamagata",1
"447","New Zealand","AUSNZ",2014,"age",29,1984,"B/Yamagata",1
"448","New Zealand","AUSNZ",2014,"age",30,1983,"B/Victoria",1
"449","New Zealand","AUSNZ",2014,"age",31,1982,"B/Yamagata",2
"450","New Zealand","AUSNZ",2014,"age",32,1981,"B/Yamagata",3
"451","New Zealand","AUSNZ",2014,"age",33,1980,"B/Yamagata",1
"452","New Zealand","AUSNZ",2014,"age",34,1979,"B/Yamagata",5
"453","New Zealand","AUSNZ",2014,"age",36,1977,"B/Yamagata",1
"454","New Zealand","AUSNZ",2014,"age",38,1975,"B/Yamagata",1
"455","New Zealand","AUSNZ",2014,"age",40,1973,"B/Yamagata",2
"456","New Zealand","AUSNZ",2014,"age",42,1971,"B/Yamagata",3
"457","New Zealand","AUSNZ",2014,"age",43,1970,"B/Yamagata",3
"458","New Zealand","AUSNZ",2014,"age",44,1969,"B/Yamagata",2
"459","New Zealand","AUSNZ",2014,"age",46,1967,"B/Yamagata",1
"460","New Zealand","AUSNZ",2014,"age",47,1966,"B/Yamagata",1
"461","New Zealand","AUSNZ",2014,"age",48,1965,"B/Yamagata",1
"462","New Zealand","AUSNZ",2014,"age",49,1964,"B/Yamagata",1
"463","New Zealand","AUSNZ",2014,"age",50,1963,"B/Yamagata",1
"464","New Zealand","AUSNZ",2014,"age",51,1962,"B/Yamagata",2
"465","New Zealand","AUSNZ",2014,"age",52,1961,"B/Yamagata",1
"466","New Zealand","AUSNZ",2014,"age",53,1960,"B/Yamagata",1
"467","New Zealand","AUSNZ",2014,"age",54,1959,"B/Yamagata",2
"468","New Zealand","AUSNZ",2014,"age",55,1958,"B/Yamagata",2
"469","New Zealand","AUSNZ",2014,"age",56,1957,"B/Yamagata",1
"470","New Zealand","AUSNZ",2014,"age",58,1955,"B/Victoria",1
"471","New Zealand","AUSNZ",2014,"age",58,1955,"B/Yamagata",1
"472","New Zealand","AUSNZ",2014,"age",60,1953,"B/Yamagata",1
"473","New Zealand","AUSNZ",2014,"age",61,1952,"B/Yamagata",1
"474","New Zealand","AUSNZ",2014,"age",62,1951,"B/Yamagata",1
"475","New Zealand","AUSNZ",2014,"age",63,1950,"B/Yamagata",1
"476","New Zealand","AUSNZ",2014,"age",64,1949,"B/Yamagata",1
"477","New Zealand","AUSNZ",2014,"age",65,1948,"B/Yamagata",1
"478","New Zealand","AUSNZ",2014,"age",66,1947,"B/Yamagata",1
"479","New Zealand","AUSNZ",2014,"age",75,1938,"B/Yamagata",1
"480","New Zealand","AUSNZ",2014,"age",80,1933,"B/Yamagata",1
"481","New Zealand","AUSNZ",2015,"age",1,2013,"B/Yamagata",1
"482","New Zealand","AUSNZ",2015,"age",2,2012,"B/Victoria",1
"483","New Zealand","AUSNZ",2015,"age",2,2012,"B/Yamagata",1
"484","New Zealand","AUSNZ",2015,"age",3,2011,"B/Victoria",3
"485","New Zealand","AUSNZ",2015,"age",4,2010,"B/Victoria",8
"486","New Zealand","AUSNZ",2015,"age",4,2010,"B/Yamagata",3
"487","New Zealand","AUSNZ",2015,"age",5,2009,"B/Victoria",5
"488","New Zealand","AUSNZ",2015,"age",5,2009,"B/Yamagata",2
"489","New Zealand","AUSNZ",2015,"age",6,2008,"B/Victoria",10
"490","New Zealand","AUSNZ",2015,"age",6,2008,"B/Yamagata",7
"491","New Zealand","AUSNZ",2015,"age",7,2007,"B/Victoria",13
"492","New Zealand","AUSNZ",2015,"age",7,2007,"B/Yamagata",3
"493","New Zealand","AUSNZ",2015,"age",8,2006,"B/Victoria",6
"494","New Zealand","AUSNZ",2015,"age",8,2006,"B/Yamagata",6
"495","New Zealand","AUSNZ",2015,"age",9,2005,"B/Victoria",7
"496","New Zealand","AUSNZ",2015,"age",9,2005,"B/Yamagata",5
"497","New Zealand","AUSNZ",2015,"age",10,2004,"B/Victoria",5
"498","New Zealand","AUSNZ",2015,"age",10,2004,"B/Yamagata",5
"499","New Zealand","AUSNZ",2015,"age",11,2003,"B/Victoria",6
"500","New Zealand","AUSNZ",2015,"age",11,2003,"B/Yamagata",6
"501","New Zealand","AUSNZ",2015,"age",12,2002,"B/Victoria",2
"502","New Zealand","AUSNZ",2015,"age",12,2002,"B/Yamagata",3
"503","New Zealand","AUSNZ",2015,"age",13,2001,"B/Victoria",4
"504","New Zealand","AUSNZ",2015,"age",13,2001,"B/Yamagata",3
"505","New Zealand","AUSNZ",2015,"age",14,2000,"B/Victoria",2
"506","New Zealand","AUSNZ",2015,"age",14,2000,"B/Yamagata",3
"507","New Zealand","AUSNZ",2015,"age",15,1999,"B/Victoria",1
"508","New Zealand","AUSNZ",2015,"age",15,1999,"B/Yamagata",6
"509","New Zealand","AUSNZ",2015,"age",16,1998,"B/Victoria",8
"510","New Zealand","AUSNZ",2015,"age",16,1998,"B/Yamagata",5
"511","New Zealand","AUSNZ",2015,"age",17,1997,"B/Victoria",2
"512","New Zealand","AUSNZ",2015,"age",17,1997,"B/Yamagata",6
"513","New Zealand","AUSNZ",2015,"age",18,1996,"B/Victoria",4
"514","New Zealand","AUSNZ",2015,"age",18,1996,"B/Yamagata",2
"515","New Zealand","AUSNZ",2015,"age",20,1994,"B/Victoria",3
"516","New Zealand","AUSNZ",2015,"age",20,1994,"B/Yamagata",3
"517","New Zealand","AUSNZ",2015,"age",21,1993,"B/Victoria",2
"518","New Zealand","AUSNZ",2015,"age",21,1993,"B/Yamagata",1
"519","New Zealand","AUSNZ",2015,"age",22,1992,"B/Victoria",3
"520","New Zealand","AUSNZ",2015,"age",22,1992,"B/Yamagata",1
"521","New Zealand","AUSNZ",2015,"age",23,1991,"B/Victoria",2
"522","New Zealand","AUSNZ",2015,"age",23,1991,"B/Yamagata",2
"523","New Zealand","AUSNZ",2015,"age",24,1990,"B/Victoria",4
"524","New Zealand","AUSNZ",2015,"age",25,1989,"B/Victoria",5
"525","New Zealand","AUSNZ",2015,"age",25,1989,"B/Yamagata",1
"526","New Zealand","AUSNZ",2015,"age",26,1988,"B/Victoria",1
"527","New Zealand","AUSNZ",2015,"age",27,1987,"B/Victoria",2
"528","New Zealand","AUSNZ",2015,"age",28,1986,"B/Victoria",3
"529","New Zealand","AUSNZ",2015,"age",28,1986,"B/Yamagata",1
"530","New Zealand","AUSNZ",2015,"age",29,1985,"B/Victoria",2
"531","New Zealand","AUSNZ",2015,"age",30,1984,"B/Victoria",3
"532","New Zealand","AUSNZ",2015,"age",31,1983,"B/Victoria",1
"533","New Zealand","AUSNZ",2015,"age",32,1982,"B/Victoria",1
"534","New Zealand","AUSNZ",2015,"age",32,1982,"B/Yamagata",1
"535","New Zealand","AUSNZ",2015,"age",33,1981,"B/Victoria",3
"536","New Zealand","AUSNZ",2015,"age",33,1981,"B/Yamagata",2
"537","New Zealand","AUSNZ",2015,"age",34,1980,"B/Victoria",1
"538","New Zealand","AUSNZ",2015,"age",35,1979,"B/Yamagata",4
"539","New Zealand","AUSNZ",2015,"age",36,1978,"B/Victoria",2
"540","New Zealand","AUSNZ",2015,"age",36,1978,"B/Yamagata",3
"541","New Zealand","AUSNZ",2015,"age",37,1977,"B/Victoria",3
"542","New Zealand","AUSNZ",2015,"age",37,1977,"B/Yamagata",2
"543","New Zealand","AUSNZ",2015,"age",38,1976,"B/Victoria",4
"544","New Zealand","AUSNZ",2015,"age",38,1976,"B/Yamagata",4
"545","New Zealand","AUSNZ",2015,"age",39,1975,"B/Victoria",2
"546","New Zealand","AUSNZ",2015,"age",39,1975,"B/Yamagata",1
"547","New Zealand","AUSNZ",2015,"age",40,1974,"B/Victoria",5
"548","New Zealand","AUSNZ",2015,"age",40,1974,"B/Yamagata",2
"549","New Zealand","AUSNZ",2015,"age",41,1973,"B/Victoria",3
"550","New Zealand","AUSNZ",2015,"age",41,1973,"B/Yamagata",2
"551","New Zealand","AUSNZ",2015,"age",42,1972,"B/Victoria",6
"552","New Zealand","AUSNZ",2015,"age",42,1972,"B/Yamagata",4
"553","New Zealand","AUSNZ",2015,"age",43,1971,"B/Victoria",1
"554","New Zealand","AUSNZ",2015,"age",43,1971,"B/Yamagata",2
"555","New Zealand","AUSNZ",2015,"age",44,1970,"B/Yamagata",3
"556","New Zealand","AUSNZ",2015,"age",45,1969,"B/Victoria",1
"557","New Zealand","AUSNZ",2015,"age",45,1969,"B/Yamagata",3
"558","New Zealand","AUSNZ",2015,"age",46,1968,"B/Yamagata",5
"559","New Zealand","AUSNZ",2015,"age",47,1967,"B/Yamagata",3
"560","New Zealand","AUSNZ",2015,"age",48,1966,"B/Yamagata",4
"561","New Zealand","AUSNZ",2015,"age",49,1965,"B/Yamagata",7
"562","New Zealand","AUSNZ",2015,"age",50,1964,"B/Victoria",2
"563","New Zealand","AUSNZ",2015,"age",51,1963,"B/Victoria",1
"564","New Zealand","AUSNZ",2015,"age",51,1963,"B/Yamagata",3
"565","New Zealand","AUSNZ",2015,"age",52,1962,"B/Victoria",1
"566","New Zealand","AUSNZ",2015,"age",52,1962,"B/Yamagata",4
"567","New Zealand","AUSNZ",2015,"age",53,1961,"B/Yamagata",6
"568","New Zealand","AUSNZ",2015,"age",54,1960,"B/Yamagata",6
"569","New Zealand","AUSNZ",2015,"age",55,1959,"B/Yamagata",1
"570","New Zealand","AUSNZ",2015,"age",56,1958,"B/Yamagata",3
"571","New Zealand","AUSNZ",2015,"age",57,1957,"B/Yamagata",2
"572","New Zealand","AUSNZ",2015,"age",58,1956,"B/Victoria",1
"573","New Zealand","AUSNZ",2015,"age",58,1956,"B/Yamagata",1
"574","New Zealand","AUSNZ",2015,"age",59,1955,"B/Victoria",1
"575","New Zealand","AUSNZ",2015,"age",59,1955,"B/Yamagata",3
"576","New Zealand","AUSNZ",2015,"age",60,1954,"B/Yamagata",2
"577","New Zealand","AUSNZ",2015,"age",61,1953,"B/Yamagata",2
"578","New Zealand","AUSNZ",2015,"age",62,1952,"B/Victoria",1
"579","New Zealand","AUSNZ",2015,"age",62,1952,"B/Yamagata",1
"580","New Zealand","AUSNZ",2015,"age",63,1951,"B/Victoria",1
"581","New Zealand","AUSNZ",2015,"age",63,1951,"B/Yamagata",1
"582","New Zealand","AUSNZ",2015,"age",67,1947,"B/Yamagata",2
"583","New Zealand","AUSNZ",2015,"age",70,1944,"B/Victoria",1
"584","New Zealand","AUSNZ",2015,"age",70,1944,"B/Yamagata",1
"585","New Zealand","AUSNZ",2015,"age",78,1936,"B/Victoria",1
"586","New Zealand","AUSNZ",2015,"age",78,1936,"B/Yamagata",1
"587","New Zealand","AUSNZ",2015,"age",83,1931,"B/Victoria",1
"588","New Zealand","AUSNZ",2016,"age",4,2011,"B/Victoria",1
"589","New Zealand","AUSNZ",2016,"age",6,2009,"B/Victoria",1
"590","New Zealand","AUSNZ",2016,"age",9,2006,"B/Yamagata",1
"591","New Zealand","AUSNZ",2016,"age",11,2004,"B/Victoria",2
"592","New Zealand","AUSNZ",2016,"age",12,2003,"B/Victoria",2
"593","New Zealand","AUSNZ",2016,"age",13,2002,"B/Yamagata",2
"594","New Zealand","AUSNZ",2016,"age",20,1995,"B/Yamagata",1
"595","New Zealand","AUSNZ",2016,"age",25,1990,"B/Yamagata",1
"596","New Zealand","AUSNZ",2016,"age",30,1985,"B/Victoria",1
"597","New Zealand","AUSNZ",2016,"age",33,1982,"B/Yamagata",1
"598","New Zealand","AUSNZ",2016,"age",34,1981,"B/Victoria",1
"599","New Zealand","AUSNZ",2016,"age",34,1981,"B/Yamagata",1
"600","New Zealand","AUSNZ",2016,"age",36,1979,"B/Yamagata",1
"601","New Zealand","AUSNZ",2016,"age",42,1973,"B/Yamagata",2
"602","New Zealand","AUSNZ",2016,"age",50,1965,"B/Yamagata",1
"603","New Zealand","AUSNZ",2016,"age",51,1964,"B/Yamagata",1
"604","New Zealand","AUSNZ",2016,"age",54,1961,"B/Yamagata",1
"605","New Zealand","AUSNZ",2016,"age",55,1960,"B/Yamagata",1
"606","New Zealand","AUSNZ",2016,"age",56,1959,"B/Yamagata",1
"607","New Zealand","AUSNZ",2017,"age",0,2016,"B/Yamagata",2
"608","New Zealand","AUSNZ",2017,"age",2,2014,"B/Yamagata",3
"609","New Zealand","AUSNZ",2017,"age",3,2013,"B/Yamagata",3
"610","New Zealand","AUSNZ",2017,"age",4,2012,"B/Yamagata",4
"611","New Zealand","AUSNZ",2017,"age",5,2011,"B/Yamagata",15
"612","New Zealand","AUSNZ",2017,"age",6,2010,"B/Yamagata",12
"613","New Zealand","AUSNZ",2017,"age",7,2009,"B/Victoria",3
"614","New Zealand","AUSNZ",2017,"age",7,2009,"B/Yamagata",13
"615","New Zealand","AUSNZ",2017,"age",8,2008,"B/Victoria",3
"616","New Zealand","AUSNZ",2017,"age",8,2008,"B/Yamagata",13
"617","New Zealand","AUSNZ",2017,"age",9,2007,"B/Victoria",1
"618","New Zealand","AUSNZ",2017,"age",9,2007,"B/Yamagata",9
"619","New Zealand","AUSNZ",2017,"age",10,2006,"B/Victoria",1
"620","New Zealand","AUSNZ",2017,"age",10,2006,"B/Yamagata",15
"621","New Zealand","AUSNZ",2017,"age",11,2005,"B/Victoria",1
"622","New Zealand","AUSNZ",2017,"age",11,2005,"B/Yamagata",9
"623","New Zealand","AUSNZ",2017,"age",12,2004,"B/Yamagata",10
"624","New Zealand","AUSNZ",2017,"age",13,2003,"B/Yamagata",3
"625","New Zealand","AUSNZ",2017,"age",14,2002,"B/Yamagata",6
"626","New Zealand","AUSNZ",2017,"age",15,2001,"B/Yamagata",9
"627","New Zealand","AUSNZ",2017,"age",16,2000,"B/Yamagata",11
"628","New Zealand","AUSNZ",2017,"age",17,1999,"B/Yamagata",8
"629","New Zealand","AUSNZ",2017,"age",18,1998,"B/Yamagata",6
"630","New Zealand","AUSNZ",2017,"age",19,1997,"B/Yamagata",8
"631","New Zealand","AUSNZ",2017,"age",20,1996,"B/Yamagata",6
"632","New Zealand","AUSNZ",2017,"age",21,1995,"B/Yamagata",3
"633","New Zealand","AUSNZ",2017,"age",22,1994,"B/Yamagata",4
"634","New Zealand","AUSNZ",2017,"age",23,1993,"B/Yamagata",3
"635","New Zealand","AUSNZ",2017,"age",24,1992,"B/Yamagata",4
"636","New Zealand","AUSNZ",2017,"age",25,1991,"B/Yamagata",3
"637","New Zealand","AUSNZ",2017,"age",26,1990,"B/Yamagata",1
"638","New Zealand","AUSNZ",2017,"age",27,1989,"B/Yamagata",1
"639","New Zealand","AUSNZ",2017,"age",28,1988,"B/Yamagata",2
"640","New Zealand","AUSNZ",2017,"age",29,1987,"B/Yamagata",1
"641","New Zealand","AUSNZ",2017,"age",30,1986,"B/Victoria",2
"642","New Zealand","AUSNZ",2017,"age",32,1984,"B/Yamagata",4
"643","New Zealand","AUSNZ",2017,"age",33,1983,"B/Yamagata",4
"644","New Zealand","AUSNZ",2017,"age",34,1982,"B/Yamagata",2
"645","New Zealand","AUSNZ",2017,"age",35,1981,"B/Yamagata",2
"646","New Zealand","AUSNZ",2017,"age",36,1980,"B/Yamagata",3
"647","New Zealand","AUSNZ",2017,"age",37,1979,"B/Victoria",1
"648","New Zealand","AUSNZ",2017,"age",37,1979,"B/Yamagata",6
"649","New Zealand","AUSNZ",2017,"age",38,1978,"B/Yamagata",6
"650","New Zealand","AUSNZ",2017,"age",39,1977,"B/Yamagata",6
"651","New Zealand","AUSNZ",2017,"age",40,1976,"B/Victoria",1
"652","New Zealand","AUSNZ",2017,"age",40,1976,"B/Yamagata",8
"653","New Zealand","AUSNZ",2017,"age",41,1975,"B/Yamagata",15
"654","New Zealand","AUSNZ",2017,"age",42,1974,"B/Yamagata",9
"655","New Zealand","AUSNZ",2017,"age",43,1973,"B/Yamagata",5
"656","New Zealand","AUSNZ",2017,"age",44,1972,"B/Yamagata",13
"657","New Zealand","AUSNZ",2017,"age",45,1971,"B/Yamagata",7
"658","New Zealand","AUSNZ",2017,"age",46,1970,"B/Yamagata",10
"659","New Zealand","AUSNZ",2017,"age",47,1969,"B/Yamagata",11
"660","New Zealand","AUSNZ",2017,"age",48,1968,"B/Victoria",1
"661","New Zealand","AUSNZ",2017,"age",48,1968,"B/Yamagata",4
"662","New Zealand","AUSNZ",2017,"age",49,1967,"B/Yamagata",7
"663","New Zealand","AUSNZ",2017,"age",50,1966,"B/Yamagata",2
"664","New Zealand","AUSNZ",2017,"age",51,1965,"B/Yamagata",6
"665","New Zealand","AUSNZ",2017,"age",52,1964,"B/Yamagata",8
"666","New Zealand","AUSNZ",2017,"age",53,1963,"B/Yamagata",6
"667","New Zealand","AUSNZ",2017,"age",54,1962,"B/Yamagata",5
"668","New Zealand","AUSNZ",2017,"age",55,1961,"B/Yamagata",6
"669","New Zealand","AUSNZ",2017,"age",56,1960,"B/Yamagata",9
"670","New Zealand","AUSNZ",2017,"age",57,1959,"B/Yamagata",3
"671","New Zealand","AUSNZ",2017,"age",58,1958,"B/Yamagata",2
"672","New Zealand","AUSNZ",2017,"age",59,1957,"B/Yamagata",3
"673","New Zealand","AUSNZ",2017,"age",60,1956,"B/Yamagata",5
"674","New Zealand","AUSNZ",2017,"age",61,1955,"B/Yamagata",5
"675","New Zealand","AUSNZ",2017,"age",62,1954,"B/Yamagata",6
"676","New Zealand","AUSNZ",2017,"age",63,1953,"B/Yamagata",3
"677","New Zealand","AUSNZ",2017,"age",64,1952,"B/Yamagata",6
"678","New Zealand","AUSNZ",2017,"age",65,1951,"B/Yamagata",1
"679","New Zealand","AUSNZ",2017,"age",66,1950,"B/Yamagata",2
"680","New Zealand","AUSNZ",2017,"age",67,1949,"B/Yamagata",2
"681","New Zealand","AUSNZ",2017,"age",68,1948,"B/Yamagata",1
"682","New Zealand","AUSNZ",2017,"age",69,1947,"B/Yamagata",3
"683","New Zealand","AUSNZ",2017,"age",70,1946,"B/Victoria",1
"684","New Zealand","AUSNZ",2017,"age",70,1946,"B/Yamagata",2
"685","New Zealand","AUSNZ",2017,"age",71,1945,"B/Yamagata",1
"686","New Zealand","AUSNZ",2017,"age",72,1944,"B/Yamagata",3
"687","New Zealand","AUSNZ",2017,"age",73,1943,"B/Yamagata",1
"688","New Zealand","AUSNZ",2017,"age",74,1942,"B/Yamagata",1
"689","New Zealand","AUSNZ",2017,"age",75,1941,"B/Yamagata",1
"690","New Zealand","AUSNZ",2017,"age",76,1940,"B/Yamagata",1
"691","New Zealand","AUSNZ",2017,"age",77,1939,"B/Yamagata",2
"692","New Zealand","AUSNZ",2017,"age",79,1937,"B/Yamagata",1
"693","New Zealand","AUSNZ",2017,"age",81,1935,"B/Yamagata",1
"694","New Zealand","AUSNZ",2017,"age",83,1933,"B/Yamagata",1
"695","New Zealand","AUSNZ",2017,"age",84,1932,"B/Yamagata",2
"696","New Zealand","AUSNZ",2017,"age",87,1929,"B/Yamagata",1
"697","New Zealand","AUSNZ",2017,"age",94,1922,"B/Yamagata",1
"698","New Zealand","AUSNZ",2018,"age",7,2010,"B/Victoria",1
"699","New Zealand","AUSNZ",2018,"age",8,2009,"B/Victoria",1
"700","New Zealand","AUSNZ",2018,"age",9,2008,"B/Victoria",1
"701","New Zealand","AUSNZ",2018,"age",9,2008,"B/Yamagata",1
"702","New Zealand","AUSNZ",2018,"age",10,2007,"B/Yamagata",1
"703","New Zealand","AUSNZ",2018,"age",13,2004,"B/Yamagata",1
"704","New Zealand","AUSNZ",2018,"age",14,2003,"B/Yamagata",1
"705","New Zealand","AUSNZ",2018,"age",16,2001,"B/Yamagata",1
"706","New Zealand","AUSNZ",2018,"age",17,2000,"B/Yamagata",1
"707","New Zealand","AUSNZ",2018,"age",20,1997,"B/Yamagata",1
"708","New Zealand","AUSNZ",2018,"age",21,1996,"B/Yamagata",3
"709","New Zealand","AUSNZ",2018,"age",22,1995,"B/Victoria",1
"710","New Zealand","AUSNZ",2018,"age",25,1992,"B/Yamagata",1
"711","New Zealand","AUSNZ",2018,"age",33,1984,"B/Yamagata",1
"712","New Zealand","AUSNZ",2018,"age",35,1982,"B/Yamagata",1
"713","New Zealand","AUSNZ",2018,"age",36,1981,"B/Yamagata",1
"714","New Zealand","AUSNZ",2018,"age",38,1979,"B/Yamagata",2
"715","New Zealand","AUSNZ",2018,"age",39,1978,"B/Yamagata",1
"716","New Zealand","AUSNZ",2018,"age",40,1977,"B/Yamagata",2
"717","New Zealand","AUSNZ",2018,"age",41,1976,"B/Yamagata",1
"718","New Zealand","AUSNZ",2018,"age",43,1974,"B/Yamagata",1
"719","New Zealand","AUSNZ",2018,"age",45,1972,"B/Yamagata",1
"720","New Zealand","AUSNZ",2018,"age",46,1971,"B/Yamagata",1
"721","New Zealand","AUSNZ",2018,"age",47,1970,"B/Yamagata",1
"722","New Zealand","AUSNZ",2018,"age",48,1969,"B/Yamagata",2
"723","New Zealand","AUSNZ",2018,"age",49,1968,"B/Yamagata",1
"724","New Zealand","AUSNZ",2018,"age",52,1965,"B/Yamagata",1
"725","New Zealand","AUSNZ",2018,"age",54,1963,"B/Yamagata",1
"726","New Zealand","AUSNZ",2018,"age",56,1961,"B/Yamagata",2
"727","New Zealand","AUSNZ",2018,"age",57,1960,"B/Yamagata",1
"728","New Zealand","AUSNZ",2018,"age",61,1956,"B/Yamagata",1
"729","New Zealand","AUSNZ",2018,"age",62,1955,"B/Yamagata",1
"730","New Zealand","AUSNZ",2018,"age",65,1952,"B/Yamagata",1
"731","New Zealand","AUSNZ",2018,"age",68,1949,"B/Yamagata",1
"732","New Zealand","AUSNZ",2018,"age",70,1947,"B/Yamagata",1
"733","New Zealand","AUSNZ",2018,"age",72,1945,"B/Yamagata",1
"734","New Zealand","AUSNZ",2018,"age",80,1937,"B/Yamagata",1
"735","New Zealand","AUSNZ",2019,"age",0,2018,"B/Victoria",2
"736","New Zealand","AUSNZ",2019,"age",1,2017,"B/Victoria",4
"737","New Zealand","AUSNZ",2019,"age",2,2016,"B/Victoria",6
"738","New Zealand","AUSNZ",2019,"age",3,2015,"B/Victoria",10
"739","New Zealand","AUSNZ",2019,"age",4,2014,"B/Victoria",13
"740","New Zealand","AUSNZ",2019,"age",5,2013,"B/Victoria",20
"741","New Zealand","AUSNZ",2019,"age",6,2012,"B/Victoria",36
"742","New Zealand","AUSNZ",2019,"age",7,2011,"B/Victoria",27
"743","New Zealand","AUSNZ",2019,"age",8,2010,"B/Victoria",39
"744","New Zealand","AUSNZ",2019,"age",9,2009,"B/Victoria",27
"745","New Zealand","AUSNZ",2019,"age",10,2008,"B/Victoria",23
"746","New Zealand","AUSNZ",2019,"age",11,2007,"B/Victoria",29
"747","New Zealand","AUSNZ",2019,"age",12,2006,"B/Victoria",34
"748","New Zealand","AUSNZ",2019,"age",13,2005,"B/Victoria",29
"749","New Zealand","AUSNZ",2019,"age",14,2004,"B/Victoria",14
"750","New Zealand","AUSNZ",2019,"age",15,2003,"B/Victoria",18
"751","New Zealand","AUSNZ",2019,"age",16,2002,"B/Victoria",16
"752","New Zealand","AUSNZ",2019,"age",17,2001,"B/Victoria",16
"753","New Zealand","AUSNZ",2019,"age",18,2000,"B/Victoria",7
"754","New Zealand","AUSNZ",2019,"age",19,1999,"B/Victoria",6
"755","New Zealand","AUSNZ",2019,"age",20,1998,"B/Victoria",11
"756","New Zealand","AUSNZ",2019,"age",21,1997,"B/Victoria",6
"757","New Zealand","AUSNZ",2019,"age",22,1996,"B/Victoria",5
"758","New Zealand","AUSNZ",2019,"age",23,1995,"B/Victoria",6
"759","New Zealand","AUSNZ",2019,"age",24,1994,"B/Victoria",9
"760","New Zealand","AUSNZ",2019,"age",25,1993,"B/Victoria",14
"761","New Zealand","AUSNZ",2019,"age",26,1992,"B/Victoria",6
"762","New Zealand","AUSNZ",2019,"age",27,1991,"B/Victoria",6
"763","New Zealand","AUSNZ",2019,"age",28,1990,"B/Victoria",10
"764","New Zealand","AUSNZ",2019,"age",29,1989,"B/Victoria",9
"765","New Zealand","AUSNZ",2019,"age",30,1988,"B/Victoria",10
"766","New Zealand","AUSNZ",2019,"age",31,1987,"B/Victoria",9
"767","New Zealand","AUSNZ",2019,"age",32,1986,"B/Victoria",12
"768","New Zealand","AUSNZ",2019,"age",33,1985,"B/Victoria",6
"769","New Zealand","AUSNZ",2019,"age",34,1984,"B/Victoria",6
"770","New Zealand","AUSNZ",2019,"age",35,1983,"B/Victoria",8
"771","New Zealand","AUSNZ",2019,"age",36,1982,"B/Victoria",11
"772","New Zealand","AUSNZ",2019,"age",37,1981,"B/Victoria",5
"773","New Zealand","AUSNZ",2019,"age",38,1980,"B/Victoria",10
"774","New Zealand","AUSNZ",2019,"age",39,1979,"B/Victoria",3
"775","New Zealand","AUSNZ",2019,"age",40,1978,"B/Victoria",5
"776","New Zealand","AUSNZ",2019,"age",41,1977,"B/Victoria",2
"777","New Zealand","AUSNZ",2019,"age",42,1976,"B/Victoria",5
"778","New Zealand","AUSNZ",2019,"age",44,1974,"B/Victoria",3
"779","New Zealand","AUSNZ",2019,"age",45,1973,"B/Victoria",2
"780","New Zealand","AUSNZ",2019,"age",46,1972,"B/Victoria",7
"781","New Zealand","AUSNZ",2019,"age",47,1971,"B/Victoria",2
"782","New Zealand","AUSNZ",2019,"age",48,1970,"B/Victoria",2
"783","New Zealand","AUSNZ",2019,"age",49,1969,"B/Victoria",1
"784","New Zealand","AUSNZ",2019,"age",50,1968,"B/Victoria",2
"785","New Zealand","AUSNZ",2019,"age",51,1967,"B/Victoria",1
"786","New Zealand","AUSNZ",2019,"age",53,1965,"B/Victoria",1
"787","New Zealand","AUSNZ",2019,"age",54,1964,"B/Victoria",2
"788","New Zealand","AUSNZ",2019,"age",55,1963,"B/Victoria",3
"789","New Zealand","AUSNZ",2019,"age",56,1962,"B/Victoria",1
"790","New Zealand","AUSNZ",2019,"age",57,1961,"B/Victoria",3
"791","New Zealand","AUSNZ",2019,"age",58,1960,"B/Victoria",1
"792","New Zealand","AUSNZ",2019,"age",59,1959,"B/Victoria",4
"793","New Zealand","AUSNZ",2019,"age",60,1958,"B/Victoria",1
"794","New Zealand","AUSNZ",2019,"age",61,1957,"B/Victoria",3
"795","New Zealand","AUSNZ",2019,"age",62,1956,"B/Victoria",3
"796","New Zealand","AUSNZ",2019,"age",65,1953,"B/Victoria",1
"797","New Zealand","AUSNZ",2019,"age",67,1951,"B/Victoria",2
"798","New Zealand","AUSNZ",2019,"age",70,1948,"B/Victoria",2
"799","New Zealand","AUSNZ",2019,"age",71,1947,"B/Victoria",1
"800","New Zealand","AUSNZ",2019,"age",72,1946,"B/Victoria",1
"801","New Zealand","AUSNZ",2019,"age",73,1945,"B/Victoria",1
"802","New Zealand","AUSNZ",2019,"age",78,1940,"B/Victoria",1
"803","New Zealand","AUSNZ",2019,"age",83,1935,"B/Victoria",1
"804","New Zealand","AUSNZ",2019,"age",85,1933,"B/Victoria",1
"805","New Zealand","AUSNZ",2019,"age",88,1930,"B/Victoria",3
